soc_code,job_title,automation_risk,annual_mean_salary,total_employment,creativity_level,manual_dexterity,critical_thinking
11-1011,Chief Executives,0.015,194350.0,223260,4.125,0.0,4.4350000000000005
11-1021,General and Operations Managers,0.16,122090.0,2188870,3.5,0.5,3.88
11-2011,Advertising and Promotions Managers,0.039,117810.0,28860,4.0,0.38,4.12
11-2021,Marketing Managers,0.014,144140.0,205900,4.0,0.38,4.12
11-2022,Sales Managers,0.013,135090.0,365230,3.88,0.38,4.0
11-3021,Computer and Information Systems Managers,0.035,145740.0,352510,3.5,2.0,4.0
11-3031,Financial Managers,0.069,139720.0,543300,3.456666666666667,0.29333333333333333,4.376666666666666
11-3051,Industrial Production Managers,0.03,107060.0,168400,3.3533333333333335,2.145,3.98
11-3061,Purchasing Managers,0.03,117720.0,71750,3.75,0.0,4.0
11-3071,Transportation; Storage; and Distribution Managers,0.59,97630.0,113270,3.25,0.5,3.81
11-3111,Compensation and Benefits Managers,0.96,126900.0,15230,3.12,0.0,4.0
11-3121,Human Resources Managers,0.0055,120210.0,129810,4.0,0.12,4.25
11-3131,Training and Development Managers,0.0063,115180.0,32880,3.88,0.62,4.0
11-9013,Farmers; Ranchers; and Other Agricultural Managers,0.047,75790.0,4560,3.62,2.5,4.0
11-9021,Construction Managers,0.071,99510.0,249650,3.25,1.25,4.38
11-9031,Education Administrators; Preschool and Childcare Center/Program,0.015,52150.0,48530,3.75,1.25,4.0
11-9032,Education Administrators; Elementary and Secondary School,0.0046,95390.0,242970,4.0,0.0,4.5
11-9033,Education Administrators; Postsecondary,0.01,105770.0,138430,4.0,0.0,4.25
11-9041,Architectural and Engineering Managers,0.017,143870.0,178390,4.0600000000000005,2.19,4.1850000000000005
11-9051,Food Service Managers,0.083,56010.0,201470,3.0,3.0,3.75
11-9071,Gaming Managers,0.091,79690.0,4280,2.88,1.0,4.0
11-9081,Lodging Managers,0.0039,59410.0,35410,3.62,1.75,3.88
11-9111,Medical and Health Services Managers,0.0073,109370.0,332150,3.75,0.5,4.12
11-9121,Natural Sciences Managers,0.018,136150.0,54780,3.4599999999999995,0.24666666666666667,4.126666666666666
11-9131,Postmasters and Mail Superintendents,0.75,71980.0,14720,3.0,0.0,3.88
11-9141,Property; Real Estate; and Community Association Managers,0.81,70290.0,180290,3.0,0.5,4.0
11-9151,Social and Community Service Managers,0.0067,70870.0,126230,3.75,0.62,4.12
11-9161,Emergency Management Directors,0.003,78060.0,9570,4.12,1.0,4.38
11-9199,Managers; All Other,0.25,112150.0,403670,3.2883333333333336,0.9166666666666666,4.125
13-1011,Agents and Business Managers of Artists; Performers; and Athletes,0.24,86560.0,13470,3.38,0.25,3.75
13-1021,Buyers and Purchasing Agents; Farm Products,0.87,63910.0,11490,3.12,0.25,4.0
13-1022,Wholesale and Retail Buyers; Except Farm Products,0.29,60040.0,109440,3.0,1.0,4.0
13-1023,Purchasing Agents; Except Wholesale; Retail; and Farm Products,0.77,67420.0,297600,3.0,0.0,3.88
13-1031,Claims Adjusters; Examiners; and Investigators,0.98,64990.0,274420,2.62,0.88,4.25
13-1032,Insurance Appraisers; Auto Damage,0.98,65930.0,15130,2.62,1.38,3.75
13-1041,Compliance Officers,0.08,70250.0,273910,3.051428571428571,1.1785714285714286,4.1414285714285715
13-1051,Cost Estimators,0.57,66620.0,214610,3.0,0.12,4.12
13-1074,Farm Labor Contractors,0.97,47290.0,810,2.0,2.12,3.0
13-1081,Logisticians,0.012,77810.0,146060,3.8766666666666665,0.20666666666666667,4.246666666666667
13-1111,Management Analysts,0.13,91910.0,637690,3.75,0.0,4.12
13-1121,Meeting; Convention; and Event Planners,0.037,52020.0,95850,3.62,2.0,3.88
13-1141,Compensation; Benefits; and Job Analysis Specialists,0.47,66490.0,79190,3.25,0.38,3.88
13-1151,Training and Development Specialists,0.014,63350.0,269710,3.88,0.0,4.0
13-1161,Market Research Analysts and Marketing Specialists,0.61,70620.0,558630,3.63,0.44,3.94
13-1199,Business Operations Specialists; All Other,0.23,74870.0,958670,3.5324999999999998,0.47,4.125
13-2011,Accountants and Auditors,0.94,76730.0,1246540,3.0,1.0,3.5
13-2031,Budget Analysts,0.94,77170.0,54700,3.0,0.62,3.88
13-2041,Credit Analysts,0.98,81160.0,72930,2.62,0.62,4.0
13-2052,Personal Financial Advisors,0.58,123100.0,201850,3.0,0.0,4.12
13-2053,Insurance Underwriters,0.99,75480.0,91650,2.75,0.75,3.88
13-2061,Financial Examiners,0.17,88940.0,49750,3.12,0.12,4.5
13-2071,Credit Counselors,0.04,49480.0,34110,3.0,0.38,4.0
13-2072,Loan Officers,0.98,76260.0,305700,2.5,1.0,4.0
13-2081,Tax Examiners and Collectors; and Revenue Agents,0.93,57950.0,58450,2.62,1.0,3.75
13-2082,Tax Preparers,0.99,45340.0,70030,3.0,0.38,3.62
13-2099,Financial Specialists; All Other,0.33,76230.0,123270,3.37,0.31,4.625
15-2011,Actuaries,0.21,114120.0,19940,3.62,0.0,4.88
15-2021,Mathematicians,0.047,105600.0,2730,4.75,0.0,5.0
15-2031,Operations Research Analysts,0.035,84340.0,109150,4.0,0.0,4.12
15-2041,Statisticians,0.22,85160.0,33440,3.75,0.25,4.6899999999999995
17-1011,Architects; Except Landscape and Naval,0.018,84470.0,99860,4.38,1.88,4.75
17-1012,Landscape Architects,0.045,68820.0,19420,4.0,1.62,3.88
17-1021,Cartographers and Photogrammetrists,0.88,66160.0,12100,3.0,2.0,3.75
17-1022,Surveyors,0.38,63480.0,43340,2.94,2.375,4.0600000000000005
17-2011,Aerospace Engineers,0.017,112010.0,68510,4.12,0.0,4.88
17-2021,Agricultural Engineers,0.49,77330.0,1980,3.62,1.25,4.0
17-2031,Biomedical Engineers,0.037,89970.0,20590,4.38,1.88,4.62
17-2041,Chemical Engineers,0.017,105420.0,31990,4.0,0.12,5.0
17-2051,Civil Engineers,0.019,89730.0,287800,3.8766666666666665,0.16666666666666666,4.246666666666667
17-2061,Computer Hardware Engineers,0.22,118700.0,72950,4.0,1.88,4.12
17-2071,Electrical Engineers,0.1,98620.0,183770,3.5,2.12,4.12
17-2072,Electronics Engineers; Except Computer,0.025,103760.0,132100,3.56,2.44,4.0
17-2081,Environmental Engineers,0.018,88530.0,52280,4.0,0.0,4.0
17-2111,Health and Safety Engineers; Except Mining Safety Engineers and Inspectors,0.028,90190.0,25410,3.5,0.0,4.0649999999999995
17-2112,Industrial Engineers,0.029,88530.0,256550,3.6550000000000002,0.655,4.155
17-2121,Marine Engineers and Naval Architects,0.01,99860.0,8120,3.88,2.12,4.38
17-2131,Materials Engineers,0.021,97050.0,26800,4.25,1.88,4.38
17-2141,Mechanical Engineers,0.011,89800.0,285790,4.206666666666667,1.4166666666666667,4.373333333333334
17-2151,Mining and Geological Engineers; Including Mining Safety Engineers,0.14,103010.0,6940,3.88,0.0,4.5
17-2161,Nuclear Engineers,0.07,105950.0,17680,3.88,0.5,4.88
17-2171,Petroleum Engineers,0.16,147030.0,32780,3.88,0.0,4.38
17-2199,Engineers; All Other,0.014,99250.0,123390,4.1075,1.8275000000000001,4.39
17-3011,Architectural and Civil Drafters,0.52,54290.0,96810,3.25,1.62,3.75
17-3012,Electrical and Electronics Drafters,0.81,63390.0,26750,3.0,1.62,3.62
17-3013,Mechanical Drafters,0.68,57480.0,63630,3.12,1.88,3.62
17-3021,Aerospace Engineering and Operations Technicians,0.48,71070.0,11970,3.0,3.0,4.0
17-3022,Civil Engineering Technicians,0.75,52120.0,72150,2.88,1.88,3.62
17-3023,Electrical and Electronics Engineering Technicians,0.84,62950.0,134870,2.88,3.0,3.62
17-3024,Electro-Mechanical Technicians,0.81,57860.0,13710,3.185,3.63,3.875
17-3025,Environmental Engineering Technicians,0.25,52500.0,16550,3.0,2.75,4.0
17-3026,Industrial Engineering Technicians,0.03,56920.0,63220,3.565,2.13,3.94
17-3027,Mechanical Engineering Technicians,0.38,57180.0,45510,3.25,2.75,3.63
17-3029,Engineering Technicians; Except Drafters; All Other,0.24,64050.0,74290,2.88,3.0,3.62
17-3031,Surveying and Mapping Technicians,0.96,45490.0,53920,2.5,2.25,3.62
19-1011,Animal Scientists,0.061,72890.0,2470,3.88,0.12,4.25
19-1012,Food Scientists and Technologists,0.077,71270.0,14200,4.0,2.0,4.5
19-1013,Soil and Plant Scientists,0.021,69290.0,14690,4.0,1.88,4.38
19-1021,Biochemists and Biophysicists,0.027,94340.0,29200,4.62,2.12,5.12
19-1022,Microbiologists,0.012,76850.0,21670,4.38,2.5,4.62
19-1023,Zoologists and Wildlife Biologists,0.3,64890.0,17720,3.38,1.88,4.0
19-1029,Biological Scientists; All Other,0.015,77830.0,35110,4.1899999999999995,1.565,4.7225
19-1031,Conservation Scientists,0.016,65130.0,20470,3.5,2.0,3.8333333333333335
19-1032,Foresters,0.0081,60300.0,8420,3.5,2.12,4.12
19-1041,Epidemiologists,0.2,77720.0,5690,4.12,0.12,4.62
19-1042,Medical Scientists; Except Epidemiologists,0.0045,95000.0,108870,4.0,2.12,4.75
19-2011,Astronomers,0.041,110380.0,1830,4.12,0.25,4.12
19-2012,Physicists,0.1,121770.0,16680,5.5,0.38,5.0
19-2021,Atmospheric and Space Scientists,0.67,94840.0,9800,3.12,0.25,4.12
19-2031,Chemists,0.1,80820.0,86660,3.38,2.62,4.25
19-2032,Materials Scientists,0.021,101570.0,7750,4.12,1.12,4.25
19-2041,Environmental Scientists and Specialists; Including Health,0.033,75360.0,84250,3.75,0.6575,4.155
19-2042,Geoscientists; Except Hydrologists and Geographers,0.63,106390.0,30420,3.25,1.25,4.25
19-2043,Hydrologists,0.014,83740.0,6300,4.0,1.75,4.75
19-2099,Physical Scientists; All Other,0.43,98460.0,18960,3.88,1.62,4.38
19-3011,Economists,0.43,112860.0,19380,3.75,0.0,4.5
19-3022,Survey Researchers,0.23,59950.0,11930,3.25,0.25,4.88
19-3032,Industrial-Organizational Psychologists,0.012,104570.0,1020,4.0,0.0,4.5
19-3039,Psychologists; All Other,0.0043,94650.0,13310,3.62,1.38,4.5
19-3041,Sociologists,0.059,86840.0,2870,3.88,0.0,4.38
19-3051,Urban and Regional Planners,0.13,73060.0,34810,4.0,0.0,4.25
19-3091,Anthropologists and Archeologists,0.0077,66440.0,6470,3.25,1.38,4.75
19-3092,Geographers,0.25,74090.0,1370,3.38,0.25,4.0
19-3093,Historians,0.44,60990.0,2950,3.0,0.25,4.38
19-3094,Political Scientists,0.039,112250.0,6350,3.5,0.0,4.75
19-3099,Social Scientists and Related Workers; All Other,0.04,80860.0,36380,4.0,0.12,4.25
19-4021,Biological Technicians,0.3,46130.0,74720,3.0,3.0,4.0
19-4031,Chemical Technicians,0.57,49770.0,65510,3.12,3.0,4.12
19-4051,Nuclear Technicians,0.85,77820.0,6840,2.81,2.63,3.69
19-4061,Social Science Research Assistants,0.65,46820.0,30030,3.0,0.25,3.88
19-4092,Forensic Science Technicians,0.0095,60690.0,14800,3.12,2.88,4.12
19-4099,Life; Physical; and Social Science Technicians; All Other,0.61,49270.0,68540,3.25,2.5,3.75
21-1011,Substance Abuse and Behavioral Disorder Counselors,0.033,44160.0,91040,3.12,0.12,4.12
21-1012,Educational; Guidance; School; and Vocational Counselors,0.0085,57620.0,260670,3.5,0.25,4.0
21-1013,Marriage and Family Therapists,0.014,54090.0,36960,3.5,0.0,4.12
21-1014,Mental Health Counselors,0.0048,46050.0,139820,4.0,0.5,4.38
21-1015,Rehabilitation Counselors,0.0094,38740.0,103030,3.5,0.5,4.0
21-1021,Child; Family; and School Social Workers,0.028,47510.0,298840,3.38,0.12,4.25
21-1022,Healthcare Social Workers,0.0035,55510.0,159310,3.62,0.5,4.0
21-1023,Mental Health and Substance Abuse Social Workers,0.0031,47880.0,114040,3.88,0.12,4.0
21-1091,Health Educators,0.045,57900.0,57570,3.38,1.75,4.0
21-1092,Probation Officers and Correctional Treatment Specialists,0.25,55380.0,87500,3.12,1.38,4.0
21-1093,Social and Human Service Assistants,0.13,34120.0,360650,3.25,0.5,4.0
21-2011,Clergy,0.0081,49450.0,49320,3.88,0.25,3.88
21-2021,Directors; Religious Activities and Education,0.025,44840.0,20590,3.25,0.0,4.0
23-1011,Lawyers,0.035,139880.0,619530,4.0,0.12,5.0
23-1012,Judicial Law Clerks,0.41,59840.0,13410,2.88,0.38,4.62
23-1021,Administrative Law Judges; Adjudicators; and Hearing Officers,0.64,95240.0,14540,3.12,0.38,5.25
23-1022,Arbitrators; Mediators; and Conciliators,0.06,72730.0,6300,3.12,0.0,4.75
23-1023,Judges; Magistrate Judges; and Magistrates,0.4,115460.0,27210,3.12,0.0,5.75
23-2011,Paralegals and Legal Assistants,0.94,53180.0,277310,2.88,1.0,3.62
23-2093,Title Examiners; Abstractors; and Searchers,0.99,51490.0,54560,1.88,0.75,3.62
25-2011,Preschool Teachers; Except Special Education,0.0074,33300.0,385550,3.62,2.0,3.12
25-2012,Kindergarten Teachers; Except Special Education,0.15,55460.0,151290,3.38,1.12,3.75
25-2021,Elementary School Teachers; Except Special Education,0.0044,59020.0,1392660,3.88,0.5,3.88
25-2022,Middle School Teachers; Except Special and Career/Technical Education,0.17,59800.0,626310,3.25,0.38,3.88
25-2023,Career/Technical Education Teachers; Middle School,0.26,60350.0,12730,3.62,1.88,4.0
25-2031,Secondary School Teachers; Except Special and Career/Technical Education,0.0078,61420.0,1003250,3.88,0.12,4.0
25-2032,Career/Technical Education Teachers; Secondary School,0.0088,59480.0,80100,3.88,2.38,4.0
25-3011,Adult Basic and Secondary Education and Literacy Teachers and Instructors,0.19,55140.0,58810,3.12,0.0,3.5
25-3021,Self-Enrichment Education Teachers,0.13,43150.0,229840,3.25,1.38,3.12
25-4011,Archivists,0.76,54570.0,5760,3.0,2.0,3.88
25-4012,Curators,0.0068,58910.0,11170,4.12,1.88,4.38
25-4013,Museum Technicians and Conservators,0.59,44780.0,10970,3.25,2.62,3.62
25-4031,Library Technicians,0.99,34780.0,93410,2.12,2.12,3.25
25-9021,Farm and Home Management Advisors,0.0075,52150.0,8620,4.0,1.25,3.88
25-9031,Instructional Coordinators,0.0042,65500.0,147330,3.75,0.25,4.12
27-1011,Art Directors,0.023,101170.0,36210,4.38,2.0,4.0
27-1012,Craft Artists,0.035,38900.0,5070,4.12,3.5,3.12
27-1013,Fine Artists; Including Painters; Sculptors; and Illustrators,0.042,57410.0,11520,4.62,3.62,3.25
27-1014,Multimedia Artists and Animators,0.015,72200.0,29810,4.0,2.25,3.75
27-1021,Commercial and Industrial Designers,0.037,70880.0,31860,4.38,1.75,4.0
27-1022,Fashion Designers,0.021,76480.0,19230,4.38,2.12,4.0
27-1023,Floral Designers,0.047,27610.0,43990,3.25,2.5,3.12
27-1024,Graphic Designers,0.082,52290.0,210710,4.0,2.0,3.88
27-1025,Interior Designers,0.022,56220.0,53160,4.0,0.0,4.0
27-1026,Merchandise Displayers and Window Trimmers,0.48,30090.0,114690,3.25,2.88,3.38
27-1027,Set and Exhibit Designers,0.0055,57600.0,12060,3.88,2.75,3.75
27-2012,Producers and Directors,0.022,93840.0,114510,3.7824999999999998,1.4675,4.0600000000000005
27-2021,Athletes and Sports Competitors,0.28,83730.0,10260,3.0,3.25,3.12
27-2022,Coaches and Scouts,0.013,41000.0,230930,3.88,1.88,4.0
27-2023,Umpires; Referees; and Other Sports Officials,0.98,35540.0,18660,1.75,0.75,3.5
27-2032,Choreographers,0.004,53610.0,5160,4.25,1.62,3.38
27-2041,Music Directors and Composers,0.015,60630.0,18380,4.12,2.25,3.75
27-3011,Radio and Television Announcers,0.1,48170.0,29210,3.88,1.62,4.0
27-3031,Public Relations Specialists,0.18,66540.0,226940,3.88,0.0,4.12
27-3041,Editors,0.055,66080.0,97170,3.88,1.12,4.0
27-3042,Technical Writers,0.89,73160.0,49780,3.0,1.0,3.88
27-3043,Writers and Authors,0.038,71920.0,44690,4.25,1.06,3.815
27-3091,Interpreters and Translators,0.38,51260.0,51350,3.0,0.5,3.88
27-4011,Audio and Video Equipment Technicians,0.55,47450.0,69670,2.88,3.12,3.75
27-4012,Broadcast Technicians,0.74,45430.0,30330,3.0,2.88,3.38
27-4014,Sound Engineering Technicians,0.13,65240.0,15210,3.38,2.88,3.75
27-4021,Photographers,0.021,42640.0,48660,3.88,2.88,3.25
27-4031,Camera Operators; Television; Video; and Motion Picture,0.6,63200.0,21710,3.12,3.0,3.5
27-4032,Film and Video Editors,0.31,82190.0,29880,3.62,2.12,3.5
29-1011,Chiropractors,0.027,81210.0,32960,3.12,3.0,4.12
29-1021,Dentists; General,0.0044,173860.0,105620,3.5,4.62,4.25
29-1022,Oral and Maxillofacial Surgeons,0.0036,232870.0,5380,3.75,5.25,5.0
29-1023,Orthodontists,0.023,228780.0,5200,3.25,3.88,4.0
29-1024,Prosthodontists,0.055,168140.0,750,3.12,3.62,4.0
29-1031,Dietitians and Nutritionists,0.0039,59670.0,61430,3.88,0.25,4.12
29-1041,Optometrists,0.14,117580.0,36430,3.0,3.25,4.25
29-1051,Pharmacists,0.012,120270.0,305510,3.0,2.38,4.12
29-1071,Physician Assistants,0.14,102090.0,104050,2.875,2.815,4.25
29-1081,Podiatrists,0.0046,144110.0,9800,3.38,3.25,4.25
29-1122,Occupational Therapists,0.0035,83730.0,118070,3.63,1.685,3.94
29-1123,Physical Therapists,0.021,87220.0,216920,3.12,3.0,3.88
29-1124,Radiation Therapists,0.34,84980.0,17450,2.62,3.0,3.75
29-1125,Recreational Therapists,0.0028,48190.0,18100,3.75,2.12,4.0
29-1126,Respiratory Therapists,0.066,60640.0,126770,3.0,3.0,4.0
29-1127,Speech-Language Pathologists,0.0064,78210.0,135980,3.88,0.75,4.12
29-1131,Veterinarians,0.038,100560.0,67650,3.38,3.5,4.25
29-1181,Audiologists,0.0033,79290.0,12310,3.0,2.75,4.25
29-2011,Medical and Clinical Laboratory Technologists,0.9,62440.0,166730,2.69,3.0,3.8449999999999998
29-2012,Medical and Clinical Laboratory Technicians,0.47,41700.0,160190,2.435,2.875,3.435
29-2031,Cardiovascular Technologists and Technicians,0.23,57100.0,53760,2.62,2.88,3.75
29-2032,Diagnostic Medical Sonographers,0.35,71750.0,65790,2.62,2.75,3.62
29-2033,Nuclear Medicine Technologists,0.13,75960.0,19650,2.75,2.88,3.62
29-2051,Dietetic Technicians,0.13,29360.0,32240,3.12,2.38,3.12
29-2052,Pharmacy Technicians,0.92,32170.0,398390,2.0,3.0,3.62
29-2053,Psychiatric Technicians,0.043,35870.0,61720,3.0,2.0,3.75
29-2055,Surgical Technologists,0.34,46800.0,105720,2.5,3.62,3.12
29-2056,Veterinary Technologists and Technicians,0.029,33870.0,99390,3.0,3.25,4.0
29-2061,Licensed Practical and Licensed Vocational Nurses,0.058,44840.0,702400,2.88,3.0,4.0
29-2081,Opticians; Dispensing,0.71,37860.0,75270,3.0,2.88,3.88
29-2091,Orthotists and Prosthetists,0.0035,69920.0,7500,3.62,3.0,4.12
29-9091,Athletic Trainers,0.0071,47880.0,24130,3.12,2.88,4.12
31-2011,Occupational Therapy Assistants,0.028,59530.0,38170,3.12,2.75,3.38
31-2012,Occupational Therapy Aides,0.27,31840.0,7210,2.62,2.75,3.38
31-2021,Physical Therapist Assistants,0.018,56850.0,85580,2.88,2.88,3.88
31-2022,Physical Therapist Aides,0.61,27890.0,50030,2.12,2.62,3.12
31-9011,Massage Therapists,0.54,44480.0,95830,2.88,3.0,3.12
31-9091,Dental Assistants,0.51,37890.0,327290,2.5,3.0,3.12
31-9092,Medical Assistants,0.3,32850.0,623560,2.75,2.25,3.62
31-9093,Medical Equipment Preparers,0.78,35960.0,52500,2.0,3.0,2.88
31-9094,Medical Transcriptionists,0.89,37150.0,54070,1.5,2.25,3.12
31-9095,Pharmacy Aides,0.72,28420.0,36660,1.5,2.12,2.88
31-9096,Veterinary Assistants and Laboratory Animal Caretakers,0.86,26810.0,79990,2.0,2.88,3.12
33-1011,First-Line Supervisors of Correctional Officers,0.025,65100.0,43230,2.75,2.25,4.0
33-1012,First-Line Supervisors of Police and Detectives,0.0044,88400.0,100200,3.12,3.0,4.0
33-1021,First-Line Supervisors of Fire Fighting and Prevention Workers,0.0036,77050.0,57170,3.12,3.0,4.0
33-2011,Firefighters,0.17,50520.0,315910,2.88,3.25,3.75
33-2021,Fire Inspectors and Investigators,0.48,61660.0,11910,3.0,2.12,3.75
33-2022,Forest Fire Inspectors and Prevention Specialists,0.048,44300.0,1650,3.0,2.38,3.88
33-3011,Bailiffs,0.36,45740.0,17880,1.38,1.25,3.12
33-3012,Correctional Officers and Jailers,0.6,46750.0,431600,2.25,3.0,3.62
33-3021,Detectives and Criminal Investigators,0.34,81490.0,104980,3.2533333333333334,1.8733333333333333,4.126666666666666
33-3031,Fish and Game Wardens,0.08,54760.0,6610,3.0,2.62,3.88
33-3041,Parking Enforcement Workers,0.84,39650.0,8920,1.5,2.0,3.0
33-3051,Police and Sheriffs Patrol Officers,0.098,62760.0,657690,2.63,2.81,3.94
33-3052,Transit and Railroad Police,0.57,67850.0,4810,3.0,2.75,3.38
33-9011,Animal Control Workers,0.21,36600.0,12970,2.75,3.0,3.5
33-9021,Private Detectives and Investigators,0.31,53530.0,28490,3.12,1.75,4.12
33-9031,Gaming Surveillance Officers and Gaming Investigators,0.95,35280.0,10460,2.12,1.5,3.75
33-9032,Security Guards,0.84,29730.0,1103120,2.12,1.62,3.0
33-9091,Crossing Guards,0.49,29190.0,72900,0.88,1.88,2.5
33-9092,Lifeguards; Ski Patrol; and Other Recreational Protective Service Workers,0.67,22640.0,145100,2.0,2.12,3.0
35-1011,Chefs and Head Cooks,0.1,47390.0,134190,3.88,3.12,3.88
35-1012,First-Line Supervisors of Food Preparation and Serving Workers,0.63,34700.0,908550,2.88,2.62,3.75
35-2011,Cooks; Fast Food,0.81,20570.0,513200,1.75,2.75,2.12
35-2012,Cooks; Institution and Cafeteria,0.83,26370.0,409850,2.5,3.0,2.88
35-2013,Cooks; Private Household,0.3,42220.0,370,3.12,2.88,3.12
35-2014,Cooks; Restaurant,0.96,25430.0,1217370,2.62,3.25,3.12
35-2015,Cooks; Short Order,0.94,23130.0,183990,1.62,3.0,2.88
35-2021,Food Preparation Workers,0.87,22920.0,850670,1.75,2.88,2.0
35-3011,Bartenders,0.77,25580.0,603320,2.75,3.0,2.88
35-3031,Waiters and Waitresses,0.94,24410.0,2564610,1.88,2.75,2.88
35-3041,Food Servers; Nonrestaurant,0.86,23490.0,261520,1.88,2.25,2.38
35-9011,Dining Room and Cafeteria Attendants and Bartender Helpers,0.91,22340.0,423080,1.75,3.0,2.25
35-9021,Dishwashers,0.77,21260.0,506450,1.75,3.5,2.0
35-9031,Hosts and Hostesses; Restaurant; Lounge; and Coffee Shop,0.97,21410.0,404360,1.75,2.0,2.62
37-1011,First-Line Supervisors of Housekeeping and Janitorial Workers,0.94,41240.0,161140,2.25,2.12,3.25
37-1012,First-Line Supervisors of Landscaping; Lawn Service; and Groundskeeping Workers,0.57,48790.0,103070,3.0,3.0,3.75
37-2011,Janitors and Cleaners; Except Maids and Housekeeping Cleaners,0.66,27030.0,2161740,1.88,2.38,2.12
37-2012,Maids and Housekeeping Cleaners,0.69,23830.0,924640,1.88,2.12,2.12
37-2021,Pest Control Workers,0.66,35020.0,72830,2.75,2.88,3.38
37-3011,Landscaping and Groundskeeping Workers,0.95,28560.0,906570,1.5,2.88,1.62
37-3012,Pesticide Handlers; Sprayers; and Applicators; Vegetation,0.97,35720.0,25230,2.0,3.0,2.75
37-3013,Tree Trimmers and Pruners,0.77,37310.0,40680,2.25,3.75,3.0
39-2011,Animal Trainers,0.1,34580.0,13590,3.25,2.88,3.38
39-2021,Nonfarm Animal Caretakers,0.82,24420.0,187360,1.88,2.25,2.88
39-3011,Gaming Dealers,0.96,21990.0,94570,1.75,2.75,2.88
39-3012,Gaming and Sports Book Writers and Runners,0.91,25710.0,11460,1.75,2.12,2.88
39-3021,Motion Picture Projectionists,0.97,24750.0,5480,2.0,2.88,2.75
39-3031,Ushers; Lobby Attendants; and Ticket Takers,0.96,21740.0,117920,1.88,1.88,2.75
39-3091,Amusement and Recreation Attendants,0.72,22000.0,286740,2.0,2.0,2.75
39-3092,Costume Attendants,0.61,50470.0,6640,3.12,2.88,2.88
39-3093,Locker Room; Coatroom; and Dressing Room Attendants,0.43,24390.0,18040,0.88,1.75,2.25
39-4011,Embalmers,0.54,42260.0,3710,2.75,3.12,3.12
39-4021,Funeral Attendants,0.37,27110.0,35770,1.62,2.0,2.62
39-5011,Barbers,0.8,29900.0,15900,2.75,3.12,2.75
39-5012,Hairdressers; Hairstylists; and Cosmetologists,0.11,29590.0,352380,3.12,3.75,3.5
39-5091,Makeup Artists; Theatrical and Performance,0.01,71590.0,3600,3.62,3.5,3.38
39-5092,Manicurists and Pedicurists,0.95,24330.0,90630,2.12,2.38,2.5
39-5093,Shampooers,0.79,20960.0,15240,1.62,2.88,2.12
39-5094,Skincare Specialists,0.29,35160.0,43980,2.75,2.75,3.0
39-6011,Baggage Porters and Bellhops,0.83,24910.0,44750,2.0,2.5,2.75
39-6012,Concierges,0.21,31440.0,32020,3.0,0.12,3.5
39-7011,Tour Guides and Escorts,0.91,28100.0,38660,2.62,0.62,3.12
39-7012,Travel Guides,0.057,35930.0,3030,3.25,1.88,3.75
39-9011,Childcare Workers,0.084,22930.0,569370,2.94,2.125,3.06
39-9031,Fitness Trainers and Aerobics Instructors,0.085,42780.0,257410,3.0,3.0,3.0
39-9032,Recreation Workers,0.0061,27230.0,336880,3.5,0.75,3.62
39-9041,Residential Advisors,0.064,27690.0,110330,3.0,1.0,4.0
41-1011,First-Line Supervisors of Retail Sales Workers,0.28,43910.0,1194220,3.12,2.0,3.88
41-1012,First-Line Supervisors of Non-Retail Sales Workers,0.075,85830.0,252670,3.38,0.75,3.88
41-2011,Cashiers,0.97,21680.0,3541010,2.0,2.12,2.75
41-2012,Gaming Change Persons and Booth Cashiers,0.83,25940.0,23120,2.12,2.12,2.88
41-2021,Counter and Rental Clerks,0.97,29390.0,450330,2.12,2.0,2.88
41-2022,Parts Salespersons,0.98,33220.0,248740,2.5,2.38,3.25
41-2031,Retail Salespersons,0.92,27180.0,4528550,2.62,1.88,3.12
41-3011,Advertising Sales Agents,0.54,63660.0,141100,3.38,0.0,3.75
41-3021,Insurance Sales Agents,0.92,67760.0,385700,3.0,0.0,3.88
41-3031,Securities; Commodities; and Financial Services Sales Agents,0.016,102260.0,353780,3.0,0.12,3.75
41-3041,Travel Agents,0.099,39900.0,68680,3.0,0.75,3.75
41-4011,Sales Representatives; Wholesale and Manufacturing; Technical and Scientific Products,0.25,92910.0,328370,3.31,0.25,3.685
41-4012,Sales Representatives; Wholesale and Manufacturing; Except Technical and Scientific Products,0.85,68410.0,1404050,3.0,1.38,3.75
41-9011,Demonstrators and Product Promoters,0.51,30570.0,86500,3.0,1.38,3.0
41-9012,Models,0.98,36560.0,4390,2.12,0.5,1.88
41-9021,Real Estate Brokers,0.97,79340.0,40850,2.88,0.0,4.0
41-9022,Real Estate Sales Agents,0.86,59360.0,151840,2.62,0.62,3.75
41-9031,Sales Engineers,0.0041,108880.0,74330,3.75,1.5,4.0
41-9041,Telemarketers,0.99,27170.0,215290,2.12,0.5,3.12
41-9091,Door-to-Door Sales Workers; News and Street Vendors; and Related Workers,0.94,28630.0,8040,3.0,0.25,3.12
43-1011,First-Line Supervisors of Office and Administrative Support Workers,0.014,57890.0,1443150,3.38,0.5,3.88
43-2011,Switchboard Operators; Including Answering Service,0.96,29720.0,90910,1.75,1.75,2.75
43-2021,Telephone Operators,0.97,43030.0,8860,1.75,1.38,2.88
43-3011,Bill and Account Collectors,0.95,37620.0,298960,2.62,0.5,3.5
43-3021,Billing and Posting Clerks,0.96,37570.0,485220,1.75,0.5,3.0
43-3031,Bookkeeping; Accounting; and Auditing Clerks,0.98,40220.0,1566960,1.75,1.75,3.25
43-3041,Gaming Cage Workers,0.39,28120.0,18810,1.88,2.12,3.25
43-3051,Payroll and Timekeeping Clerks,0.97,43580.0,159650,2.12,1.0,3.12
43-3061,Procurement Clerks,0.98,41980.0,72120,2.25,0.62,3.75
43-3071,Tellers,0.98,28060.0,496760,2.25,2.12,3.25
43-4011,Brokerage Clerks,0.98,52380.0,59820,2.38,1.62,3.62
43-4021,Correspondence Clerks,0.86,37660.0,6780,2.75,0.12,3.75
43-4031,Court; Municipal; and License Clerks,0.46,39160.0,128620,2.0,1.12,3.25
43-4041,Credit Authorizers; Checkers; and Clerks,0.97,39320.0,37680,2.12,0.38,3.38
43-4051,Customer Service Representatives,0.55,35170.0,2707040,2.62,1.38,3.5
43-4061,Eligibility Interviewers; Government Programs,0.7,43550.0,135940,2.62,1.25,3.62
43-4071,File Clerks,0.97,31260.0,130950,2.5,2.25,3.0
43-4081,Hotel; Motel; and Resort Desk Clerks,0.94,23530.0,248440,2.38,2.0,3.5
43-4111,Interviewers; Except Eligibility and Loan,0.94,33640.0,186030,2.25,1.0,3.25
43-4121,Library Assistants; Clerical,0.95,27450.0,98560,2.0,2.12,2.88
43-4131,Loan Interviewers and Clerks,0.92,40300.0,224340,2.75,0.38,4.0
43-4141,New Accounts Clerks,0.99,36480.0,41630,1.75,1.5,3.5
43-4151,Order Clerks,0.98,35160.0,176850,2.0,1.12,3.5
43-4161,Human Resources Assistants; Except Payroll and Timekeeping,0.9,40100.0,137150,2.25,0.0,3.62
43-4171,Receptionists and Information Clerks,0.96,29120.0,997770,2.0,1.62,3.0
43-4181,Reservation and Transportation Ticket Agents and Travel Clerks,0.61,38050.0,146350,2.75,2.0,3.62
43-5011,Cargo and Freight Agents,0.99,44250.0,88920,2.5,1.19,3.5
43-5021,Couriers and Messengers,0.94,29920.0,74120,1.88,2.75,2.62
43-5031,Police; Fire; and Ambulance Dispatchers,0.49,41070.0,95170,2.88,2.12,3.88
43-5032,Dispatchers; Except Police; Fire; and Ambulance,0.96,41190.0,197910,2.75,1.38,3.75
43-5041,Meter Readers; Utilities,0.85,41890.0,34070,2.0,2.38,2.88
43-5051,Postal Service Clerks,0.95,48360.0,82030,1.88,2.88,3.25
43-5052,Postal Service Mail Carriers,0.68,50610.0,328950,1.38,3.0,2.75
43-5053,Postal Service Mail Sorters; Processors; and Processing Machine Operators,0.79,49710.0,110770,1.62,3.25,2.62
43-5061,Production; Planning; and Expediting Clerks,0.88,49050.0,321780,2.62,1.62,3.62
43-5071,Shipping; Receiving; and Traffic Clerks,0.98,33150.0,676990,2.12,2.88,3.0
43-5111,Weighers; Measurers; Checkers; and Samplers; Recordkeeping,0.95,31080.0,74460,2.12,2.38,3.0
43-6011,Executive Secretaries and Executive Administrative Assistants,0.86,57910.0,631610,3.0,1.0,3.75
43-6012,Legal Secretaries,0.98,47900.0,191200,2.25,1.12,3.0
43-6013,Medical Secretaries,0.81,35060.0,556820,2.0,1.38,3.0
43-6014,Secretaries and Administrative Assistants; Except Legal; Medical; and Executive,0.96,36140.0,2295510,2.0,1.38,3.62
43-9021,Data Entry Keyers,0.99,31640.0,194810,2.0,1.75,2.88
43-9022,Word Processors and Typists,0.81,39970.0,67230,1.38,1.62,2.62
43-9031,Desktop Publishers,0.16,44380.0,13090,3.88,2.5,3.88
43-9041,Insurance Claims and Policy Processing Clerks,0.98,40780.0,274350,2.12,1.0,3.38
43-9051,Mail Clerks and Mail Machine Operators; Except Postal Service,0.94,30580.0,91530,2.0,3.0,2.88
43-9061,Office Clerks; General,0.96,33010.0,2955550,2.0,1.62,3.0
43-9071,Office Machine Operators; Except Computer,0.92,32390.0,58160,2.12,2.75,2.62
43-9081,Proofreaders and Copy Markers,0.84,39640.0,11430,1.62,1.0,3.0
43-9111,Statistical Assistants,0.66,48300.0,10900,3.12,1.0,3.88
45-1011,First-Line Supervisors of Farming; Fishing; and Forestry Workers,0.57,48820.0,19550,3.0,2.75,3.75
45-2011,Agricultural Inspectors,0.94,44260.0,14710,2.5,2.12,4.0
45-2021,Animal Breeders,0.95,42340.0,1270,1.88,2.75,3.25
45-2041,Graders and Sorters; Agricultural Products,0.41,24280.0,38780,0.62,3.12,2.25
45-4011,Forest and Conservation Workers,0.87,31200.0,7170,2.12,3.0,3.0
45-4021,Fallers,0.76,42900.0,5370,1.88,3.0,3.0
45-4022,Logging Equipment Operators,0.79,38880.0,27250,2.12,3.12,2.75
45-4023,Log Graders and Scalers,0.97,38150.0,3020,2.12,2.75,3.0
47-1011,First-Line Supervisors of Construction Trades and Extraction Workers,0.17,68040.0,538220,3.12,2.94,3.5
47-2011,Boilermakers,0.68,62200.0,16660,2.0,3.0,3.0
47-2021,Brickmasons and Blockmasons,0.82,53440.0,64370,2.12,3.25,3.0
47-2022,Stonemasons,0.89,43650.0,13190,2.62,3.62,3.25
47-2031,Carpenters,0.72,48340.0,676980,3.0,4.0,3.62
47-2041,Carpet Installers,0.87,44310.0,25660,2.12,2.88,2.88
47-2042,Floor Layers; Except Carpet; Wood; and Hard Tiles,0.79,42370.0,10340,2.13,3.13,2.88
47-2043,Floor Sanders and Finishers,0.87,38890.0,4590,2.0,2.88,2.38
47-2044,Tile and Marble Setters,0.75,44770.0,36830,2.88,3.0,3.12
47-2051,Cement Masons and Concrete Finishers,0.94,43720.0,173920,2.0,3.38,2.38
47-2053,Terrazzo Workers and Finishers,0.88,45990.0,3420,2.0,3.38,2.38
47-2061,Construction Laborers,0.88,37890.0,912100,2.0,3.75,2.62
47-2071,Paving; Surfacing; and Tamping Equipment Operators,0.83,43800.0,51880,1.62,2.88,2.88
47-2072,Pile-Driver Operators,0.82,61740.0,3570,1.88,3.0,3.0
47-2073,Operating Engineers and Other Construction Equipment Operators,0.95,50560.0,356750,2.12,3.25,3.0
47-2081,Drywall and Ceiling Tile Installers,0.79,47400.0,93180,2.12,3.25,2.62
47-2082,Tapers,0.62,53790.0,18480,1.62,3.25,2.0
47-2111,Electricians,0.15,56650.0,607120,3.0,3.25,3.75
47-2121,Glaziers,0.73,47260.0,47140,2.0,3.12,3.0
47-2131,Insulation Workers; Floor; Ceiling; and Wall,0.83,39490.0,29500,2.12,3.12,2.75
47-2132,Insulation Workers; Mechanical,0.64,51100.0,27270,2.0,3.0,3.0
47-2141,Painters; Construction and Maintenance,0.75,41510.0,217280,2.0,3.0,3.0
47-2142,Paperhangers,0.87,36470.0,3190,1.75,3.25,2.38
47-2151,Pipelayers,0.62,42860.0,39620,2.0,3.0,2.88
47-2152,Plumbers; Pipefitters; and Steamfitters,0.35,56030.0,411870,2.81,3.125,3.5
47-2161,Plasterers and Stucco Masons,0.84,44070.0,22810,2.12,3.5,2.62
47-2171,Reinforcing Iron and Rebar Workers,0.9,53600.0,20020,2.0,3.38,2.88
47-2181,Roofers,0.9,42080.0,116410,2.12,3.38,2.88
47-2211,Sheet Metal Workers,0.82,51080.0,134450,2.25,3.12,3.0
47-2221,Structural Iron and Steel Workers,0.83,56040.0,69440,2.38,3.88,3.0
47-3011,HelpersBrickmasons; Blockmasons; Stonemasons; and Tile and Marble Setters,0.83,33610.0,23950,1.75,3.0,2.38
47-3012,HelpersCarpenters,0.92,30200.0,35890,2.38,2.88,2.75
47-3013,HelpersElectricians,0.74,30980.0,71890,2.12,3.75,3.0
47-3014,HelpersPainters; Paperhangers; Plasterers; and Stucco Masons,0.94,28760.0,10780,1.88,2.88,2.25
47-3015,HelpersPipelayers; Plumbers; Pipefitters; and Steamfitters,0.57,30640.0,54080,2.0,2.88,2.38
47-3016,HelpersRoofers,0.72,28890.0,10190,1.88,3.25,2.0
47-4011,Construction and Building Inspectors,0.63,61250.0,94960,3.0,1.88,3.88
47-4021,Elevator Installers and Repairers,0.39,76860.0,22240,2.75,3.0,3.25
47-4031,Fence Erectors,0.92,36380.0,21500,1.75,3.25,2.88
47-4041,Hazardous Materials Removal Workers,0.53,45500.0,44280,2.62,3.12,3.38
47-4051,Highway Maintenance Workers,0.87,39540.0,143320,2.0,3.12,2.75
47-4061,Rail-Track Laying and Maintenance Equipment Operators,0.89,52810.0,14250,2.0,3.0,2.88
47-4071,Septic Tank Servicers and Sewer Pipe Cleaners,0.83,38870.0,26320,2.0,3.12,3.0
47-4091,Segmental Pavers,0.83,34160.0,1720,2.75,3.0,3.0
47-5011,Derrick Operators; Oil and Gas,0.8,51140.0,11580,2.0,3.63,3.12
47-5012,Rotary Drill Operators; Oil and Gas,0.53,57140.0,17400,2.63,3.38,3.25
47-5013,Service Unit Operators; Oil; Gas; and Mining,0.93,53520.0,42890,2.38,3.12,3.25
47-5041,Continuous Mining Machine Operators,0.54,52650.0,12030,2.25,3.38,3.12
47-5051,Rock Splitters; Quarry,0.96,34860.0,3770,1.88,3.38,2.62
47-5071,Roustabouts; Oil and Gas,0.68,40480.0,51290,2.12,3.0,2.25
47-5081,HelpersExtraction Workers,0.37,37160.0,17660,2.25,3.25,2.88
49-1011,First-Line Supervisors of Mechanics; Installers; and Repairers,0.003,66730.0,453330,3.38,3.0,3.88
49-2011,Computer; Automated Teller; and Office Machine Repairers,0.74,39410.0,102170,2.88,3.12,3.12
49-2021,Radio; Cellular; and Tower Equipment Installers and Repairs,0.93,53620.0,14120,2.88,2.88,3.12
49-2022,Telecommunications Equipment Installers and Repairers; Except Line Installers,0.36,54520.0,228430,3.0,3.25,3.75
49-2091,Avionics Technicians,0.7,61390.0,17330,2.75,3.25,3.75
49-2092,Electric Motor; Power Tool; and Related Repairers,0.76,44720.0,17050,2.88,3.75,3.38
49-2093,Electrical and Electronics Installers and Repairers; Transportation Equipment,0.91,59840.0,13960,2.25,3.12,3.0
49-2094,Electrical and Electronics Repairers; Commercial and Industrial Equipment,0.41,56990.0,67390,3.0,3.75,3.75
49-2095,Electrical and Electronics Repairers; Powerhouse; Substation; and Relay,0.38,74540.0,23060,3.0,3.12,3.38
49-2096,Electronic Equipment Installers and Repairers; Motor Vehicles,0.61,34200.0,11750,2.88,3.25,3.12
49-2097,Electronic Home Entertainment Equipment Installers and Repairers,0.65,39340.0,25550,2.88,3.0,3.5
49-2098,Security and Fire Alarm Systems Installers,0.82,45660.0,67700,2.75,3.12,3.5
49-3011,Aircraft Mechanics and Service Technicians,0.71,61190.0,128570,2.88,4.0,4.12
49-3021,Automotive Body and Related Repairers,0.91,45180.0,143940,2.38,3.25,3.0
49-3022,Automotive Glass Installers and Repairers,0.55,36140.0,18610,2.0,3.0,2.75
49-3023,Automotive Service Technicians and Mechanics,0.59,41400.0,647380,3.0,3.75,3.75
49-3031,Bus and Truck Mechanics and Diesel Engine Specialists,0.73,46710.0,254280,2.75,3.25,3.38
49-3041,Farm Equipment Mechanics and Service Technicians,0.75,39310.0,35110,2.12,3.5,3.62
49-3042,Mobile Heavy Equipment Mechanics; Except Engines,0.4,50810.0,123570,2.88,4.0,3.38
49-3043,Rail Car Repairers,0.88,53590.0,22090,2.12,3.75,3.38
49-3051,Motorboat Mechanics and Service Technicians,0.66,40860.0,20260,2.0,3.0,3.12
49-3052,Motorcycle Mechanics,0.79,37040.0,16000,3.0,3.75,3.12
49-3053,Outdoor Power Equipment and Other Small Engine Mechanics,0.93,35320.0,33020,2.12,3.12,3.0
49-3091,Bicycle Repairers,0.94,28520.0,12560,2.38,3.38,3.0
49-3092,Recreational Vehicle Service Technicians,0.59,38040.0,13520,2.62,3.12,3.5
49-3093,Tire Repairers and Changers,0.7,27150.0,109350,2.0,3.12,2.12
49-9011,Mechanical Door Repairers,0.91,40420.0,19840,2.0,3.38,3.12
49-9012,Control and Valve Installers and Repairers; Except Mechanical Door,0.63,56180.0,45740,2.75,3.12,3.12
49-9021,Heating; Air Conditioning; and Refrigeration Mechanics and Installers,0.65,48320.0,294730,2.62,3.12,3.75
49-9031,Home Appliance Repairers,0.72,40390.0,33480,2.12,3.38,3.25
49-9041,Industrial Machinery Mechanics,0.67,51890.0,334490,2.88,3.62,3.5
49-9043,Maintenance Workers; Machinery,0.86,46000.0,89630,2.0,3.0,3.0
49-9044,Millwrights,0.59,53950.0,39670,2.5,4.0,3.0
49-9045,Refractory Materials Repairers; Except Brickmasons,0.82,47000.0,1540,1.88,3.25,3.0
49-9051,Electrical Power-Line Installers and Repairers,0.097,67160.0,117670,2.75,3.38,3.0
49-9052,Telecommunications Line Installers and Repairers,0.49,54700.0,100080,2.12,3.12,3.0
49-9061,Camera and Photographic Equipment Repairers,0.97,43920.0,3760,2.62,3.25,3.38
49-9062,Medical Equipment Repairers,0.27,50910.0,43370,2.88,3.12,3.75
49-9063,Musical Instrument Repairers and Tuners,0.91,37690.0,7980,2.75,3.88,3.62
49-9064,Watch Repairers,0.99,39720.0,1620,2.62,3.12,3.0
49-9071,Maintenance and Repair Workers; General,0.64,39360.0,1332480,2.38,3.38,3.12
49-9091,Coin; Vending; and Amusement Machine Servicers and Repairers,0.94,34860.0,33600,2.0,3.12,2.88
49-9092,Commercial Divers,0.18,53990.0,3370,2.88,3.12,3.75
49-9094,Locksmiths and Safe Repairers,0.77,42180.0,18640,2.12,3.12,3.12
49-9095,Manufactured Building and Mobile Home Installers,0.18,31030.0,3200,2.88,3.5,3.25
49-9096,Riggers,0.89,49030.0,21020,2.25,3.12,3.0
49-9097,Signal and Track Switch Repairers,0.9,62710.0,8680,2.0,3.38,3.38
49-9098,HelpersInstallation; Maintenance; and Repair Workers,0.79,29370.0,118720,2.0,3.12,2.75
51-1011,First-Line Supervisors of Production and Operating Workers,0.016,61450.0,610480,3.62,2.88,3.75
51-2011,Aircraft Structure; Surfaces; Rigging; and Systems Assemblers,0.79,52530.0,42010,2.5,3.25,3.12
51-2021,Coil Winders; Tapers; and Finishers,0.73,35340.0,14090,0.88,3.12,2.88
51-2022,Electrical and Electronic Equipment Assemblers,0.95,33700.0,218530,2.0,3.12,3.0
51-2023,Electromechanical Equipment Assemblers,0.97,35410.0,45540,2.0,3.25,2.88
51-2031,Engine and Other Machine Assemblers,0.82,43090.0,38150,2.0,3.25,3.0
51-2041,Structural Metal Fabricators and Fitters,0.41,40000.0,77270,1.12,3.0,2.38
51-2092,Team Assemblers,0.97,32550.0,1112780,2.12,3.12,2.88
51-3011,Bakers,0.89,27110.0,180450,2.88,3.0,2.88
51-3021,Butchers and Meat Cutters,0.93,31740.0,133880,2.0,3.25,3.0
51-3022,Meat; Poultry; and Fish Cutters and Trimmers,0.94,25510.0,149800,2.12,2.75,2.88
51-3023,Slaughterers and Meat Packers,0.6,27040.0,80780,0.88,3.0,1.88
51-3091,Food and Tobacco Roasting; Baking; and Drying Machine Operators and Tenders,0.91,30970.0,20080,2.12,3.0,3.0
51-3092,Food Batchmakers,0.7,30130.0,148540,2.0,2.88,2.88
51-3093,Food Cooking Machine Operators and Tenders,0.61,30330.0,36520,1.5,2.5,2.38
51-4021,Extruding and Drawing Machine Setters; Operators; and Tenders; Metal and Plastic,0.91,35340.0,71960,1.62,3.0,2.88
51-4022,Forging Machine Setters; Operators; and Tenders; Metal and Plastic,0.93,38710.0,19160,2.0,3.0,3.0
51-4023,Rolling Machine Setters; Operators; and Tenders; Metal and Plastic,0.83,41900.0,29060,2.12,3.0,3.0
51-4031,Cutting; Punching; and Press Machine Setters; Operators; and Tenders; Metal and Plastic,0.78,34210.0,192800,2.0,3.0,3.0
51-4032,Drilling and Boring Machine Tool Setters; Operators; and Tenders; Metal and Plastic,0.94,38880.0,12290,2.0,3.12,3.0
51-4033,Grinding; Lapping; Polishing; and Buffing Machine Tool Setters; Operators; and Tenders; Metal and Plastic,0.95,34920.0,74600,1.88,3.12,2.75
51-4034,Lathe and Turning Machine Tool Setters; Operators; and Tenders; Metal and Plastic,0.84,39630.0,33850,2.0,3.12,2.75
51-4035,Milling and Planing Machine Setters; Operators; and Tenders; Metal and Plastic,0.98,41180.0,17560,2.0,3.25,3.0
51-4041,Machinists,0.65,43220.0,391120,2.88,3.12,3.12
51-4051,Metal-Refining Furnace Operators and Tenders,0.88,41840.0,17730,2.0,3.25,3.0
51-4052,Pourers and Casters; Metal,0.87,37300.0,8560,1.88,3.0,3.0
51-4061,Model Makers; Metal and Plastic,0.93,50360.0,6250,2.88,3.38,3.25
51-4062,Patternmakers; Metal and Plastic,0.9,44490.0,3420,2.62,3.0,3.0
51-4071,Foundry Mold and Coremakers,0.67,36030.0,12810,1.38,3.62,2.5
51-4072,Molding; Coremaking; and Casting Machine Setters; Operators; and Tenders; Metal and Plastic,0.95,32660.0,145560,2.25,3.0,2.62
51-4081,Multiple Machine Tool Setters; Operators; and Tenders; Metal and Plastic,0.91,36190.0,117300,2.12,3.38,3.12
51-4111,Tool and Die Makers,0.84,51610.0,72210,2.62,3.12,3.12
51-4121,Welders; Cutters; Solderers; and Brazers,0.94,42450.0,382730,2.12,2.88,2.38
51-4122,Welding; Soldering; and Brazing Machine Setters; Operators; and Tenders,0.61,38380.0,46920,1.88,3.12,3.0
51-4191,Heat Treating Equipment Setters; Operators; and Tenders; Metal and Plastic,0.91,39010.0,19780,1.88,3.12,3.0
51-4192,Layout Workers; Metal and Plastic,0.84,47720.0,9070,2.25,3.12,3.12
51-4193,Plating and Coating Machine Setters; Operators; and Tenders; Metal and Plastic,0.92,33690.0,35570,2.25,3.25,2.75
51-4194,Tool Grinders; Filers; and Sharpeners,0.88,38860.0,9550,2.0,3.62,2.75
51-5111,Prepress Technicians and Workers,0.97,40640.0,33340,3.0,2.75,3.0
51-5112,Printing Press Operators,0.83,37460.0,169910,2.38,3.12,3.12
51-5113,Print Binding and Finishing Workers,0.95,33270.0,52730,2.38,3.12,3.0
51-6011,Laundry and Dry-Cleaning Workers,0.71,23210.0,207710,1.75,2.88,2.38
51-6021,Pressers; Textile; Garment; and Related Materials,0.81,22270.0,45150,1.25,3.0,2.25
51-6031,Sewing Machine Operators,0.89,25830.0,139500,1.25,3.25,2.12
51-6041,Shoe and Leather Workers and Repairers,0.52,26040.0,7780,1.5,3.12,2.88
51-6042,Shoe Machine Operators and Tenders,0.97,26530.0,3500,1.88,3.0,2.5
51-6051,Sewers; Hand,0.99,25630.0,6540,2.25,3.88,2.12
51-6052,Tailors; Dressmakers; and Custom Sewers,0.84,30670.0,21660,3.0,3.25,3.0
51-6061,Textile Bleaching and Dyeing Machine Operators and Tenders,0.97,28480.0,10860,2.0,3.12,2.75
51-6062,Textile Cutting Machine Setters; Operators; and Tenders,0.95,27860.0,15040,2.0,3.0,2.75
51-6063,Textile Knitting and Weaving Machine Setters; Operators; and Tenders,0.73,28380.0,21550,1.5,3.12,2.25
51-6064,Textile Winding; Twisting; and Drawing Out Machine Setters; Operators; and Tenders,0.96,28110.0,30340,2.0,3.38,3.0
51-6091,Extruding and Forming Machine Setters; Operators; and Tenders; Synthetic and Glass Fibers,0.88,35420.0,19340,2.12,3.25,3.0
51-6092,Fabric and Apparel Patternmakers,0.0049,48460.0,5310,3.88,2.88,3.38
51-6093,Upholsterers,0.39,34640.0,32520,3.0,3.88,3.12
51-7011,Cabinetmakers and Bench Carpenters,0.92,34800.0,97980,2.88,3.88,3.0
51-7021,Furniture Finishers,0.87,32330.0,17370,2.88,3.75,3.12
51-7031,Model Makers; Wood,0.96,47480.0,1040,3.0,3.25,3.0
51-7032,Patternmakers; Wood,0.91,47850.0,970,2.5,4.0,3.12
51-7041,Sawing Machine Setters; Operators; and Tenders; Wood,0.86,29960.0,50640,1.75,3.0,2.75
51-7042,Woodworking Machine Setters; Operators; and Tenders; Except Sawing,0.97,29850.0,76130,2.0,3.25,2.88
51-8011,Nuclear Power Reactor Operators,0.95,91370.0,7170,3.0,2.0,4.0
51-8012,Power Distributors and Dispatchers,0.64,81500.0,11380,2.75,1.75,3.75
51-8013,Power Plant Operators,0.85,73800.0,35010,2.5833333333333335,3.0400000000000005,3.33
51-8021,Stationary Engineers and Boiler Operators,0.89,61410.0,33720,2.25,3.12,3.12
51-8031,Water and Wastewater Treatment Plant and System Operators,0.61,47930.0,115840,2.38,3.0,3.0
51-8091,Chemical Plant and System Operators,0.85,59430.0,33300,2.0,3.0,3.5
51-8092,Gas Plant Operators,0.78,67980.0,17350,2.75,2.88,3.25
51-8093,Petroleum Pump System Operators; Refinery Operators; and Gaugers,0.71,67870.0,41630,2.38,3.0,3.5
51-8099,Plant and System Operators; All Other,0.86,55340.0,11970,2.75,3.25,3.12
51-9011,Chemical Equipment Operators and Tenders,0.76,50300.0,73840,2.0,3.0,3.0
51-9012,Separating; Filtering; Clarifying; Precipitating; and Still Machine Setters; Operators; and Tenders,0.88,41450.0,47160,2.12,3.0,3.0
51-9021,Crushing; Grinding; and Polishing Machine Setters; Operators; and Tenders,0.97,36050.0,29830,1.75,3.12,3.0
51-9022,Grinding and Polishing Workers; Hand,0.97,30860.0,26670,2.0,3.38,2.62
51-9023,Mixing and Blending Machine Setters; Operators; and Tenders,0.83,37630.0,130480,2.0,3.0,2.88
51-9031,Cutters and Trimmers; Hand,0.64,29580.0,14250,1.75,3.12,2.12
51-9032,Cutting and Slicing Machine Setters; Operators; and Tenders,0.86,34000.0,61330,2.0,3.12,2.75
51-9041,Extruding; Forming; Pressing; and Compacting Machine Setters; Operators; and Tenders,0.93,34370.0,71260,2.0,3.12,2.75
51-9051,Furnace; Kiln; Oven; Drier; and Kettle Operators and Tenders,0.37,37600.0,19520,1.12,2.88,3.0
51-9061,Inspectors; Testers; Sorters; Samplers; and Weighers,0.98,40340.0,518950,2.0,3.0,3.25
51-9071,Jewelers and Precious Stone and Metal Workers,0.95,42310.0,26480,2.935,3.06,3.31
51-9081,Dental Laboratory Technicians,0.97,40760.0,37110,2.75,3.12,3.38
51-9082,Medical Appliance Technicians,0.45,39880.0,14570,2.88,3.25,3.75
51-9083,Ophthalmic Laboratory Technicians,0.97,34220.0,28570,1.88,3.38,2.88
51-9111,Packaging and Filling Machine Operators and Tenders,0.98,30910.0,386520,2.25,3.5,2.25
51-9123,Painting; Coating; and Decorating Workers,0.92,32040.0,15450,2.0,2.88,2.62
51-9141,Semiconductor Processors,0.88,37890.0,24430,2.13,3.13,2.88
51-9151,Photographic Process Workers and Processing Machine Operators,0.99,31740.0,26430,2.75,2.75,3.12
51-9191,Adhesive Bonding Machine Operators and Tenders,0.95,34610.0,16940,1.75,3.0,2.75
51-9192,Cleaning; Washing; and Metal Pickling Equipment Operators and Tenders,0.81,30590.0,17860,1.5,2.88,2.12
51-9193,Cooling and Freezing Equipment Operators and Tenders,0.93,32100.0,8170,2.38,3.12,3.25
51-9194,Etchers and Engravers,0.98,34390.0,9520,2.5,3.38,3.12
51-9195,Molders; Shapers; and Casters; Except Metal and Plastic,0.9,32590.0,39450,2.8125,3.5,2.9050000000000002
51-9196,Paper Goods Machine Setters; Operators; and Tenders,0.67,38570.0,93100,2.12,3.0,2.88
51-9197,Tire Builders,0.94,42230.0,22280,2.0,3.5,2.5
51-9198,HelpersProduction Workers,0.66,26930.0,429890,1.88,3.12,2.0
53-2011,Airline Pilots; Copilots; and Flight Engineers,0.18,152770.0,81520,3.0,3.25,4.12
53-2012,Commercial Pilots,0.55,86260.0,38980,3.0,3.12,4.0
53-2021,Air Traffic Controllers,0.11,118200.0,23240,3.5,2.0,4.12
53-2022,Airfield Operations Specialists,0.71,52380.0,8760,3.0,2.25,3.88
53-2031,Flight Attendants,0.35,51620.0,113390,2.12,2.75,3.62
53-3011,Ambulance Drivers and Attendants; Except Emergency Medical Technicians,0.25,25600.0,17300,2.0,2.88,3.38
53-3031,Driver/Sales Workers,0.98,28440.0,426310,2.0,2.88,3.38
53-3032,Heavy and Tractor-Trailer Truck Drivers,0.79,43590.0,1704520,1.75,3.0,2.88
53-3033,Light Truck or Delivery Services Drivers,0.69,34790.0,858710,1.88,2.88,2.75
53-4011,Locomotive Engineers,0.96,61020.0,39900,2.0,3.0,3.0
53-4013,Rail Yard Engineers; Dinkey Operators; and Hostlers,0.91,52320.0,4530,2.0,3.0,3.0
53-4031,Railroad Conductors and Yardmasters,0.83,58220.0,42880,2.75,2.62,3.62
53-4041,Subway and Streetcar Operators,0.86,62380.0,12350,1.88,3.0,3.25
53-5011,Sailors and Marine Oilers,0.83,46170.0,32530,2.0,3.25,3.0
53-5021,Captains; Mates; and Pilots of Water Vessels,0.27,81520.0,36720,2.62,3.12,3.25
53-5022,Motorboat Operators,0.62,43340.0,3290,2.5,3.12,3.38
53-5031,Ship Engineers,0.041,74120.0,9750,3.0,3.0,3.88
53-6011,Bridge and Lock Tenders,0.97,46680.0,3510,2.12,2.5,3.0
53-6021,Parking Lot Attendants,0.87,23250.0,146350,1.75,2.5,2.75
53-6031,Automotive and Watercraft Service Attendants,0.83,24280.0,109790,1.88,3.0,2.88
53-6041,Traffic Technicians,0.9,48650.0,6410,3.0,2.25,3.5
53-6051,Transportation Inspectors,0.9,72650.0,27430,2.5433333333333334,2.21,3.4599999999999995
53-6061,Transportation Attendants; Except Flight Attendants,0.75,31080.0,18410,2.0,2.0,3.38
53-7011,Conveyor Operators and Tenders,0.93,33870.0,28590,2.12,3.12,2.88
53-7021,Crane and Tower Operators,0.9,55280.0,45020,2.12,3.12,3.0
53-7031,Dredge Operators,0.92,46530.0,1760,1.75,2.88,2.75
53-7041,Hoist and Winch Operators,0.65,50020.0,2960,2.13,2.75,2.62
53-7051,Industrial Truck and Tractor Operators,0.93,34260.0,542750,1.62,3.0,2.25
53-7061,Cleaners of Vehicles and Equipment,0.37,24660.0,348770,0.75,3.0,2.0
53-7062,Laborers and Freight; Stock; and Material Movers; Hand,0.85,28720.0,2587900,1.94,3.19,2.375
53-7063,Machine Feeders and Offbearers,0.93,30490.0,88070,1.75,3.0,2.62
53-7064,Packers and Packagers; Hand,0.38,24430.0,705660,0.62,3.12,2.0
53-7071,Gas Compressor and Gas Pumping Station Operators,0.91,59620.0,3890,2.12,3.12,3.0
53-7072,Pump Operators; Except Wellhead Pumpers,0.9,46270.0,12030,2.0,3.12,3.12
53-7073,Wellhead Pumpers,0.84,50730.0,11610,1.75,3.0,3.0
53-7081,Refuse and Recyclable Material Collectors,0.93,37690.0,114680,1.0,2.62,2.62
53-7121,Tank Car; Truck; and Ship Loaders,0.72,39590.0,10920,2.12,3.12,2.88
